{"stats":{"minecraft:used":{"minecraft:crimson_stem":15,"minecraft:item_frame":62,"minecraft:glow_item_frame":12,"minecraft:blue_terracotta":31,"minecraft:black_concrete":161,"minecraft:tnt":1,"minecraft:elytra":1,"minecraft:map":77,"minecraft:chest":2},"minecraft:custom":{"minecraft:time_since_rest":145544,"minecraft:open_chest":15,"minecraft:crouch_one_cm":8,"minecraft:sprint_one_cm":106894,"minecraft:play_time":145544,"minecraft:walk_one_cm":1947,"minecraft:sneak_time":574,"minecraft:mob_kills":1,"minecraft:aviate_one_cm":578369,"minecraft:jump":169,"minecraft:damage_dealt":80,"minecraft:leave_game":18,"minecraft:time_since_death":145544,"minecraft:total_world_time":158574,"minecraft:fly_one_cm":2873973},"minecraft:killed":{"minecraft:sheep":1}},"DataVersion":3955}